consumer_id,archetype,traditional_score,flowscore,default_probability,actual_default
c_02927,high_earner_high_spender,789,730,0.2179,0
c_00917,stable_salaried,733,724,0.2279,0
c_00286,stable_salaried,715,740,0.1999,0
c_01792,stable_salaried,785,746,0.1874,0
c_01148,high_earner_high_spender,725,738,0.2021,0
c_02112,stable_salaried,680,692,0.2857,0
c_02351,thin_file_newcomer,494,640,0.3811,0
c_00329,stable_salaried,734,755,0.1712,0
c_03125,stable_salaried,701,716,0.2433,0
c_02761,overextended,652,480,0.6714,0
c_02299,financially_stressed,619,440,0.745,0
c_01130,overextended,616,545,0.5532,0
c_01771,thin_file_newcomer,513,686,0.297,0
c_01541,stable_salaried,711,661,0.3428,0
c_03881,overextended,627,553,0.5398,0
c_04355,financially_stressed,483,405,0.8086,1
c_00889,financially_stressed,555,450,0.7262,0
c_04605,gig_worker,649,559,0.528,0
c_04351,stable_salaried,748,736,0.2062,0
c_04103,gig_worker,612,612,0.4326,0
c_01503,gig_worker,668,597,0.4586,0
c_01413,overextended,639,445,0.7353,0
c_02320,stable_salaried,690,759,0.1641,0
c_04091,thin_file_newcomer,495,626,0.4065,0
c_03975,stable_salaried,743,649,0.3652,0
c_01095,gig_worker,637,680,0.309,0
c_03206,stable_salaried,694,752,0.1773,0
c_00261,thin_file_newcomer,535,665,0.3348,0
c_01433,stable_salaried,702,675,0.3181,0
c_01502,gig_worker,699,630,0.3999,0
c_04716,gig_worker,587,540,0.5621,0
c_02789,gig_worker,611,436,0.7525,1
c_04698,high_earner_high_spender,743,741,0.1969,0
c_00376,overextended,661,441,0.7427,1
c_03284,stable_salaried,740,708,0.2576,0
c_03739,gig_worker,554,512,0.6131,0
c_02791,stable_salaried,692,735,0.2086,0
c_04463,overextended,570,481,0.6709,0
c_04841,gig_worker,561,547,0.5497,0
c_03543,stable_salaried,672,724,0.2278,0
c_03636,thin_file_newcomer,535,657,0.3494,0
c_00059,stable_salaried,740,741,0.1978,0
c_00349,stable_salaried,712,752,0.1767,0
c_00081,gig_worker,601,529,0.582,0
c_01015,stable_salaried,745,627,0.404,0
c_02854,thin_file_newcomer,532,636,0.3885,0
c_00761,stable_salaried,755,737,0.2049,1
c_01646,stable_salaried,751,770,0.1446,0
c_03376,stable_salaried,763,716,0.2427,0
c_00665,financially_stressed,566,411,0.7977,1
c_03727,stable_salaried,728,518,0.6025,0
c_04931,financially_stressed,574,419,0.7824,1
c_04696,gig_worker,565,578,0.4942,0
c_04101,financially_stressed,583,413,0.7935,1
c_01657,thin_file_newcomer,588,638,0.3847,1
c_01617,high_earner_high_spender,695,724,0.2286,0
c_04272,thin_file_newcomer,535,611,0.4334,0
c_02349,stable_salaried,761,718,0.2391,0
c_02505,stable_salaried,745,726,0.2249,0
c_02073,thin_file_newcomer,560,651,0.3611,0
c_01516,stable_salaried,764,723,0.2301,0
c_04540,stable_salaried,767,759,0.1646,0
c_03350,stable_salaried,731,732,0.2129,0
c_01445,high_earner_high_spender,768,697,0.278,0
c_04236,gig_worker,591,559,0.5288,0
c_01348,gig_worker,644,507,0.6226,0
c_01845,financially_stressed,569,434,0.756,0
c_03611,gig_worker,643,678,0.3116,1
c_04233,thin_file_newcomer,566,638,0.384,0
c_02421,stable_salaried,784,745,0.1903,0
c_02633,financially_stressed,544,422,0.7777,0
c_03450,financially_stressed,645,404,0.8095,1
c_02077,stable_salaried,714,706,0.2616,1
c_04371,stable_salaried,708,759,0.1648,0
c_00380,high_earner_high_spender,783,698,0.275,0
c_03707,financially_stressed,539,434,0.7548,1
c_00934,thin_file_newcomer,485,637,0.3856,0
c_02725,financially_stressed,557,420,0.7809,0
c_00131,overextended,634,612,0.4322,0
c_04535,stable_salaried,714,749,0.1831,0
c_00838,gig_worker,656,572,0.5051,0
c_01162,thin_file_newcomer,631,642,0.378,0
c_01410,thin_file_newcomer,572,632,0.3958,0
c_00709,high_earner_high_spender,775,732,0.2144,0
c_02863,stable_salaried,737,683,0.3023,0
c_01614,thin_file_newcomer,483,646,0.3707,1
c_01966,financially_stressed,623,476,0.6787,0
c_00872,overextended,692,456,0.7162,1
c_00776,financially_stressed,554,426,0.7695,0
c_01584,financially_stressed,524,405,0.808,1
c_02236,stable_salaried,717,768,0.1489,1
c_03191,stable_salaried,748,741,0.198,0
c_00941,thin_file_newcomer,534,695,0.2817,0
c_02200,stable_salaried,690,754,0.174,0
c_01097,thin_file_newcomer,554,659,0.3462,0
c_00659,gig_worker,604,513,0.6115,1
c_02231,financially_stressed,572,425,0.7727,0
c_01957,stable_salaried,704,748,0.1839,1
c_01163,stable_salaried,729,734,0.2092,0
c_01309,overextended,607,568,0.5125,0
c_00550,high_earner_high_spender,778,728,0.2216,1
c_01264,high_earner_high_spender,736,733,0.2124,0
c_03105,financially_stressed,502,429,0.7652,1
c_04162,thin_file_newcomer,504,731,0.2156,0
c_01405,stable_salaried,714,747,0.1863,0
c_04775,stable_salaried,764,674,0.319,0
c_00738,gig_worker,686,498,0.6386,1
c_01854,thin_file_newcomer,578,665,0.3358,0
c_01132,stable_salaried,768,746,0.1888,0
c_04014,high_earner_high_spender,764,678,0.3121,0
c_03649,thin_file_newcomer,605,683,0.3027,0
c_04746,gig_worker,673,585,0.4818,0
c_04556,thin_file_newcomer,494,695,0.2818,0
c_01296,stable_salaried,685,725,0.2263,1
c_00965,high_earner_high_spender,741,722,0.2309,0
c_00012,financially_stressed,623,418,0.7837,1
c_01133,financially_stressed,504,422,0.7771,0
c_02737,high_earner_high_spender,796,731,0.216,0
c_00848,stable_salaried,704,655,0.3536,0
c_00243,high_earner_high_spender,791,733,0.2114,0
c_00051,stable_salaried,781,732,0.2132,0
c_00822,stable_salaried,743,651,0.3615,0
c_03794,high_earner_high_spender,767,698,0.2755,0
c_03114,high_earner_high_spender,749,714,0.2468,0
c_01044,stable_salaried,762,750,0.1814,0
c_02403,overextended,597,486,0.6618,1
c_02819,overextended,662,447,0.7315,1
c_04230,overextended,581,431,0.7602,0
c_04955,stable_salaried,697,717,0.2403,0
c_03197,stable_salaried,762,618,0.4215,0
c_03953,financially_stressed,415,416,0.7875,1
c_01802,stable_salaried,702,695,0.2813,0
c_02986,stable_salaried,703,748,0.1848,0
c_04184,overextended,678,473,0.6848,1
c_04386,gig_worker,635,653,0.358,0
c_04382,stable_salaried,690,673,0.3206,0
c_01261,gig_worker,649,632,0.3953,1
c_01456,stable_salaried,716,721,0.2328,0
c_03089,overextended,653,448,0.7296,0
c_00079,thin_file_newcomer,571,721,0.2342,1
c_02845,high_earner_high_spender,770,721,0.2333,0
c_03717,thin_file_newcomer,559,727,0.2229,0
c_02535,high_earner_high_spender,727,738,0.2025,0
c_03699,gig_worker,618,579,0.492,0
c_03399,financially_stressed,483,411,0.7974,1
c_03995,stable_salaried,717,731,0.2159,0
c_01999,high_earner_high_spender,739,731,0.2151,0
c_01086,thin_file_newcomer,546,586,0.4793,0
c_04944,high_earner_high_spender,747,675,0.3172,0
c_04265,high_earner_high_spender,786,708,0.2565,0
c_02730,stable_salaried,724,668,0.3307,0
c_01609,gig_worker,612,590,0.4718,0
c_01128,financially_stressed,515,427,0.768,1
c_01427,stable_salaried,664,716,0.2428,0
c_00819,stable_salaried,754,731,0.2154,1
c_00516,gig_worker,633,645,0.3714,0
c_00019,financially_stressed,626,422,0.7776,0
c_02290,overextended,608,460,0.7078,1
c_04539,gig_worker,685,562,0.5234,0
c_04600,financially_stressed,553,413,0.7931,0
c_03755,gig_worker,638,522,0.5946,0
c_04664,high_earner_high_spender,750,591,0.4691,0
c_02464,stable_salaried,739,752,0.1774,0
c_03027,thin_file_newcomer,537,702,0.2681,0
c_02094,overextended,636,504,0.6284,0
c_01061,financially_stressed,619,429,0.7654,0
c_04610,thin_file_newcomer,575,553,0.5391,0
c_02901,overextended,593,456,0.7148,0
c_01157,stable_salaried,709,753,0.1755,0
c_04149,gig_worker,565,628,0.4028,0
c_04165,stable_salaried,668,740,0.1995,0
c_00475,gig_worker,660,549,0.547,1
c_03208,stable_salaried,743,754,0.1739,0
c_02036,overextended,587,460,0.7084,1
c_01553,gig_worker,649,516,0.6062,0
c_03012,thin_file_newcomer,547,645,0.3716,1
c_00992,thin_file_newcomer,573,687,0.2952,0
c_04160,high_earner_high_spender,759,687,0.296,0
c_01352,stable_salaried,724,757,0.1679,0
c_01824,financially_stressed,525,411,0.7976,0
c_04040,gig_worker,678,530,0.5807,1
c_03750,stable_salaried,720,724,0.2287,0
c_03130,gig_worker,604,526,0.5878,1
c_02476,stable_salaried,704,749,0.1819,0
c_00489,high_earner_high_spender,706,743,0.194,0
c_02145,overextended,663,460,0.7085,1
c_03788,gig_worker,582,648,0.3656,0
c_00436,stable_salaried,734,713,0.2488,0
c_01855,overextended,658,478,0.6749,1
c_04174,thin_file_newcomer,584,626,0.4059,0
c_02948,overextended,561,532,0.5772,1
c_01155,stable_salaried,675,732,0.2143,0
c_03836,financially_stressed,590,415,0.7907,0
c_00641,thin_file_newcomer,570,692,0.286,0
c_04316,overextended,602,491,0.652,0
c_00857,overextended,618,466,0.6969,1
c_03440,stable_salaried,695,720,0.2357,0
c_01340,stable_salaried,757,704,0.2646,0
c_03592,thin_file_newcomer,486,690,0.2896,0
c_01543,stable_salaried,715,770,0.1437,0
c_02191,high_earner_high_spender,703,638,0.3846,0
c_02136,gig_worker,663,478,0.6763,0
c_03875,gig_worker,623,530,0.5802,0
c_00520,thin_file_newcomer,508,670,0.3271,0
c_04655,overextended,700,667,0.332,1
c_01499,financially_stressed,446,408,0.8031,0
c_02037,stable_salaried,680,684,0.3005,0
c_01769,thin_file_newcomer,547,590,0.4715,0
c_02165,stable_salaried,747,726,0.2246,0
c_04891,stable_salaried,758,747,0.1858,0
c_04668,overextended,690,500,0.6351,0
c_00764,overextended,610,460,0.7081,1
c_02300,overextended,617,502,0.6327,1
c_00149,stable_salaried,752,694,0.282,0
c_02610,overextended,614,487,0.6596,0
c_01108,overextended,690,442,0.74,1
c_00327,high_earner_high_spender,749,726,0.2244,0
c_02870,financially_stressed,617,416,0.7878,1
c_02235,overextended,611,456,0.7148,1
c_00502,overextended,602,454,0.72,0
c_00940,stable_salaried,726,709,0.255,0
c_03262,stable_salaried,801,705,0.2622,1
c_00042,financially_stressed,560,421,0.7793,1
c_02561,financially_stressed,522,417,0.7861,0
c_00184,thin_file_newcomer,543,670,0.3271,0
c_04087,financially_stressed,549,432,0.7586,0
c_04737,stable_salaried,747,756,0.1702,0
c_02830,stable_salaried,685,700,0.272,0
c_01874,overextended,604,460,0.7078,1
c_02433,gig_worker,580,482,0.669,1
c_02415,stable_salaried,776,742,0.196,0
c_01189,financially_stressed,525,413,0.7935,1
c_01114,overextended,672,691,0.2885,1
c_02852,thin_file_newcomer,542,694,0.2828,0
c_01031,financially_stressed,513,426,0.7704,0
c_02768,thin_file_newcomer,589,672,0.3236,0
c_02185,stable_salaried,667,644,0.3742,0
c_00826,high_earner_high_spender,785,721,0.2336,0
c_01331,high_earner_high_spender,721,729,0.2185,0
c_00577,high_earner_high_spender,766,734,0.2092,0
c_00880,gig_worker,607,629,0.4003,1
c_04110,gig_worker,670,673,0.3218,1
c_04991,thin_file_newcomer,553,713,0.2473,1
c_01623,stable_salaried,689,716,0.2431,0
c_04717,high_earner_high_spender,738,723,0.2294,0
c_02227,stable_salaried,745,746,0.189,0
c_00158,financially_stressed,512,408,0.8032,1
c_04287,stable_salaried,657,635,0.3909,0
c_02388,financially_stressed,596,417,0.7868,1
c_03522,stable_salaried,743,742,0.196,0
c_00205,stable_salaried,745,757,0.1679,0
c_01920,high_earner_high_spender,767,646,0.3706,0
c_02286,overextended,682,456,0.7157,0
c_04151,high_earner_high_spender,729,700,0.2723,0
c_00621,high_earner_high_spender,768,704,0.265,0
c_00567,stable_salaried,711,749,0.1821,0
c_00303,high_earner_high_spender,706,719,0.2372,0
c_00596,financially_stressed,579,429,0.764,1
c_01341,thin_file_newcomer,518,684,0.3011,0
c_04754,overextended,653,476,0.6793,1
c_04092,thin_file_newcomer,576,708,0.2575,0
c_04621,overextended,691,454,0.7188,0
c_02926,financially_stressed,599,414,0.792,0
c_01639,financially_stressed,494,430,0.7631,1
c_00953,stable_salaried,759,735,0.2086,1
c_04097,financially_stressed,495,412,0.7949,0
c_04269,thin_file_newcomer,541,714,0.2469,1
c_02792,financially_stressed,527,410,0.7988,0
c_02065,overextended,606,449,0.7287,0
c_02130,stable_salaried,722,660,0.3454,0
c_00478,financially_stressed,558,427,0.7682,1
c_04136,high_earner_high_spender,712,720,0.2353,1
c_03673,gig_worker,693,508,0.6217,0
c_02930,high_earner_high_spender,803,716,0.2421,0
c_02284,stable_salaried,764,685,0.2983,0
c_02929,financially_stressed,524,426,0.7705,1
c_04380,high_earner_high_spender,787,708,0.2568,0
c_04507,stable_salaried,722,734,0.21,0
c_00025,stable_salaried,728,729,0.219,0
c_04182,financially_stressed,553,426,0.7708,0
c_03907,overextended,574,465,0.6989,0
c_02438,gig_worker,639,512,0.6145,0
c_00044,thin_file_newcomer,554,637,0.3858,0
c_03997,high_earner_high_spender,802,741,0.1969,0
c_04237,thin_file_newcomer,559,720,0.235,0
c_02224,overextended,593,477,0.6768,0
c_04213,stable_salaried,761,732,0.2144,0
c_00372,gig_worker,583,642,0.3767,1
c_00322,gig_worker,551,525,0.5897,0
c_04653,stable_salaried,747,764,0.156,0
c_01020,overextended,665,485,0.662,0
c_04031,gig_worker,633,490,0.654,1
c_02319,overextended,692,534,0.5734,0
c_03904,gig_worker,647,567,0.5144,1
c_04692,financially_stressed,530,428,0.766,0
c_03025,stable_salaried,789,685,0.2996,0
c_04274,stable_salaried,739,739,0.2013,0
c_03347,high_earner_high_spender,697,757,0.1681,0
c_02670,financially_stressed,612,414,0.7919,0
c_03081,stable_salaried,734,699,0.2743,1
c_01699,financially_stressed,469,400,0.8169,1
c_00879,high_earner_high_spender,691,739,0.2007,0
c_00981,thin_file_newcomer,542,717,0.2417,0
c_03485,financially_stressed,487,414,0.7919,1
c_03494,stable_salaried,714,704,0.2639,0
c_02038,financially_stressed,473,416,0.7885,0
c_01618,overextended,638,457,0.7136,1
c_01446,overextended,550,467,0.6948,1
c_00321,high_earner_high_spender,778,751,0.1786,0
c_01525,stable_salaried,717,750,0.1812,0
c_02026,thin_file_newcomer,495,674,0.3189,0
c_00727,stable_salaried,676,706,0.261,0
c_02226,financially_stressed,484,410,0.7993,0
c_02543,stable_salaried,751,730,0.2165,0
c_00348,high_earner_high_spender,783,664,0.3375,0
c_03287,gig_worker,565,595,0.4627,1
c_01978,financially_stressed,592,435,0.7539,0
c_02274,thin_file_newcomer,540,638,0.3837,0
c_04013,stable_salaried,713,712,0.2494,0
c_00480,gig_worker,656,641,0.3793,1
c_01846,gig_worker,668,508,0.6201,1
c_03251,high_earner_high_spender,737,741,0.1974,0
c_04052,high_earner_high_spender,759,719,0.2374,1
c_00027,stable_salaried,707,698,0.2758,0
c_02035,thin_file_newcomer,579,635,0.3893,0
c_02271,financially_stressed,536,403,0.8119,0
c_02945,gig_worker,570,509,0.6198,1
c_03652,gig_worker,643,515,0.6076,0
c_00078,high_earner_high_spender,776,700,0.2724,0
c_04107,financially_stressed,608,421,0.7799,0
c_02207,gig_worker,594,538,0.5655,0
c_02697,stable_salaried,737,750,0.1818,0
c_01143,thin_file_newcomer,538,729,0.2186,0
c_02726,thin_file_newcomer,558,665,0.3355,0
c_02460,overextended,603,459,0.7107,1
c_04683,financially_stressed,549,419,0.7829,1
c_01601,stable_salaried,704,725,0.2257,0
c_00877,gig_worker,654,619,0.42,0
c_01135,gig_worker,618,694,0.2828,0
c_02131,thin_file_newcomer,556,666,0.333,1
c_03553,high_earner_high_spender,711,717,0.2417,0
c_03902,financially_stressed,519,412,0.7946,1
c_00246,financially_stressed,494,411,0.7974,0
c_00696,financially_stressed,482,416,0.7885,1
c_03868,financially_stressed,557,453,0.7217,1
c_02958,stable_salaried,726,747,0.1864,0
c_00744,high_earner_high_spender,806,751,0.1786,0
c_00362,stable_salaried,735,684,0.3003,0
c_01626,gig_worker,657,551,0.543,0
c_02212,overextended,628,473,0.684,1
c_00427,thin_file_newcomer,564,744,0.1922,0
c_02799,thin_file_newcomer,619,672,0.3226,0
c_00315,gig_worker,594,500,0.6356,0
c_02096,stable_salaried,728,749,0.1825,0
c_04699,thin_file_newcomer,536,636,0.3876,0
c_03288,stable_salaried,738,747,0.1872,0
c_03345,financially_stressed,505,388,0.8383,1
c_03379,overextended,665,466,0.6977,0
c_01183,stable_salaried,775,615,0.4258,0
c_01641,stable_salaried,713,756,0.1694,0
c_01830,high_earner_high_spender,782,716,0.2424,0
c_00647,high_earner_high_spender,781,713,0.2486,0
c_00434,stable_salaried,733,740,0.1983,0
c_01089,high_earner_high_spender,791,743,0.1945,1
c_02518,high_earner_high_spender,738,705,0.2625,0
c_02214,overextended,664,487,0.6587,1
c_01153,stable_salaried,767,733,0.2121,0
c_04415,thin_file_newcomer,564,673,0.3213,1
c_01025,gig_worker,612,605,0.4449,1
c_03361,gig_worker,595,514,0.6097,0
c_02728,gig_worker,661,499,0.6378,1
c_00743,stable_salaried,729,720,0.2346,0
c_00640,financially_stressed,551,492,0.6505,1
c_03397,stable_salaried,764,646,0.3703,0
c_01351,thin_file_newcomer,509,662,0.3413,0
c_03600,stable_salaried,723,736,0.2065,0
c_00367,financially_stressed,490,436,0.7524,1
c_01995,thin_file_newcomer,474,662,0.3413,0
c_03800,stable_salaried,690,741,0.1973,0
c_02174,gig_worker,644,553,0.5389,0
c_00033,gig_worker,621,637,0.3858,1
c_02252,gig_worker,581,542,0.5588,0
c_04682,thin_file_newcomer,496,718,0.2383,0
c_04150,stable_salaried,770,737,0.204,0
c_00804,stable_salaried,736,746,0.188,0
c_00156,stable_salaried,728,619,0.4195,0
c_01827,high_earner_high_spender,763,699,0.2737,0
c_04232,financially_stressed,419,413,0.7943,0
c_03916,high_earner_high_spender,769,633,0.3944,0
c_00622,overextended,589,508,0.6209,1
c_02186,thin_file_newcomer,496,735,0.2085,1
c_03202,overextended,675,469,0.6923,0
c_00713,overextended,637,444,0.7365,1
c_02759,high_earner_high_spender,802,742,0.1957,0
c_02032,gig_worker,669,535,0.5723,1
c_02384,stable_salaried,659,727,0.2236,0
c_02477,stable_salaried,735,711,0.2521,0
c_04565,financially_stressed,607,417,0.7872,1
c_00512,stable_salaried,711,715,0.2453,0
c_03215,financially_stressed,544,415,0.7901,1
c_04056,stable_salaried,702,710,0.2544,0
c_00801,gig_worker,656,583,0.4838,0
c_00846,gig_worker,579,620,0.4165,0
c_02494,overextended,686,471,0.6878,1
c_01284,overextended,593,463,0.7036,0
c_04767,high_earner_high_spender,707,735,0.2084,0
c_04930,thin_file_newcomer,542,706,0.2612,0
c_03431,high_earner_high_spender,765,731,0.215,0
c_04702,gig_worker,647,437,0.7504,1
c_03448,gig_worker,586,626,0.4062,1
c_03803,stable_salaried,715,601,0.4512,0
c_01434,stable_salaried,685,699,0.2737,0
c_04008,stable_salaried,682,747,0.1864,0
c_00798,financially_stressed,523,410,0.8,1
c_00950,high_earner_high_spender,747,703,0.2667,0
c_02744,gig_worker,692,584,0.4824,0
c_01790,thin_file_newcomer,600,730,0.2168,0
c_03274,financially_stressed,565,422,0.7779,0
c_01497,financially_stressed,525,423,0.7749,1
c_04343,stable_salaried,783,760,0.1626,0
c_01004,financially_stressed,635,435,0.7538,1
c_04398,stable_salaried,673,736,0.2062,0
c_04225,overextended,592,524,0.5912,1
c_04623,overextended,655,456,0.7163,0
c_01486,overextended,647,461,0.7062,0
c_03467,gig_worker,663,521,0.5975,0
c_01964,financially_stressed,557,408,0.8024,1
c_01921,gig_worker,609,617,0.4231,1
c_03280,financially_stressed,518,408,0.8026,0
c_02729,overextended,644,452,0.7229,1
c_00219,gig_worker,620,676,0.3161,0
c_01880,high_earner_high_spender,705,734,0.2099,0
c_02509,financially_stressed,581,402,0.8134,1
c_01166,thin_file_newcomer,550,673,0.3201,0
c_02846,stable_salaried,726,717,0.2417,1
c_00524,stable_salaried,728,700,0.2723,0
c_02091,thin_file_newcomer,564,736,0.2058,0
c_04308,overextended,667,481,0.6697,1
c_00065,high_earner_high_spender,724,711,0.2524,0
c_00969,stable_salaried,787,722,0.231,0
c_01227,high_earner_high_spender,714,727,0.2232,0
c_03529,high_earner_high_spender,781,748,0.1848,0
c_00488,high_earner_high_spender,768,653,0.3574,0
c_01580,overextended,628,448,0.7295,1
c_04434,high_earner_high_spender,719,748,0.1854,0
c_04209,stable_salaried,726,710,0.2528,0
c_00854,stable_salaried,765,739,0.2008,1
c_03068,financially_stressed,494,431,0.7603,0
c_04278,stable_salaried,727,649,0.365,0
c_02429,thin_file_newcomer,516,745,0.1892,0
c_03375,gig_worker,662,531,0.5786,0
c_03495,thin_file_newcomer,582,683,0.3036,0
c_04337,stable_salaried,673,627,0.4049,0
c_01606,overextended,646,446,0.7333,0
c_04246,thin_file_newcomer,601,673,0.3209,0
c_02784,stable_salaried,703,727,0.2235,0
c_01954,overextended,610,591,0.4709,1
c_03954,stable_salaried,749,682,0.3052,0
c_03845,high_earner_high_spender,782,735,0.2077,0
c_04517,stable_salaried,763,770,0.1445,0
c_04299,financially_stressed,641,422,0.7773,0
c_00642,stable_salaried,746,647,0.3683,0
c_02687,financially_stressed,571,423,0.7748,1
c_01232,stable_salaried,776,710,0.2533,0
c_01572,high_earner_high_spender,711,695,0.2814,0
c_01184,stable_salaried,734,693,0.2852,0
c_03257,gig_worker,588,465,0.6997,0
c_00588,stable_salaried,682,645,0.3715,0
c_00787,gig_worker,598,512,0.6138,0
c_04476,high_earner_high_spender,712,712,0.2501,0
c_03340,gig_worker,626,506,0.625,0
c_03006,high_earner_high_spender,733,695,0.28,0
c_01470,overextended,717,453,0.7209,1
c_00325,financially_stressed,594,404,0.8107,1
c_00467,overextended,642,446,0.7332,0
c_04442,overextended,659,465,0.6991,0
c_01583,stable_salaried,766,745,0.1896,0
c_01568,high_earner_high_spender,757,730,0.2173,0
c_01374,overextended,578,435,0.7531,0
c_02585,gig_worker,594,675,0.3172,0
c_01029,gig_worker,499,644,0.374,0
c_00105,financially_stressed,495,416,0.788,1
c_02890,stable_salaried,747,586,0.4798,0
c_00836,thin_file_newcomer,624,693,0.284,0
c_00813,high_earner_high_spender,776,734,0.2102,0
c_04070,gig_worker,660,639,0.3832,0
c_01960,financially_stressed,505,431,0.7612,0
c_03275,thin_file_newcomer,626,737,0.2037,0
c_00123,gig_worker,577,522,0.5963,0
c_00021,gig_worker,673,559,0.5288,1
c_01336,stable_salaried,766,705,0.2624,0
c_02773,stable_salaried,740,753,0.175,0
c_00209,high_earner_high_spender,711,681,0.3055,0
c_02253,high_earner_high_spender,771,702,0.2673,0
c_01694,financially_stressed,618,422,0.7779,0
c_01407,stable_salaried,673,673,0.3214,0
c_03779,overextended,602,435,0.7536,1
c_03159,gig_worker,690,446,0.7345,0
c_01726,gig_worker,642,515,0.6082,0
c_04656,overextended,643,562,0.5219,0
c_04073,stable_salaried,728,664,0.337,0
c_03331,stable_salaried,691,746,0.1887,0
c_00169,overextended,703,452,0.7235,1
c_03373,stable_salaried,784,630,0.3999,0
c_01281,gig_worker,660,516,0.6057,0
c_00001,gig_worker,555,550,0.5453,0
c_04954,stable_salaried,686,752,0.1772,0
c_00344,thin_file_newcomer,552,727,0.2229,0
c_04466,stable_salaried,765,689,0.2917,1
c_03831,financially_stressed,464,473,0.6851,0
c_04718,high_earner_high_spender,763,738,0.202,0
c_00507,thin_file_newcomer,574,638,0.3846,0
c_01556,overextended,679,491,0.6523,1
c_03411,stable_salaried,699,716,0.2422,0
c_02061,stable_salaried,725,649,0.364,1
c_00496,gig_worker,581,574,0.5002,0
c_04934,financially_stressed,488,413,0.7941,1
c_04867,stable_salaried,698,697,0.2773,0
c_01970,gig_worker,612,514,0.6096,1
c_01245,stable_salaried,712,707,0.2598,1
c_00753,high_earner_high_spender,799,736,0.2057,0
c_02928,gig_worker,598,621,0.416,0
c_00509,stable_salaried,692,721,0.2336,0
c_02004,stable_salaried,768,738,0.2032,0
c_02450,financially_stressed,500,426,0.7705,1
c_03434,stable_salaried,682,741,0.1977,0
c_04870,gig_worker,668,635,0.3897,0
c_02850,gig_worker,671,581,0.4887,1
c_00392,high_earner_high_spender,730,665,0.335,0
c_02434,financially_stressed,428,407,0.8041,1
c_04926,stable_salaried,698,734,0.21,0
c_00098,stable_salaried,709,752,0.1766,0
c_00905,financially_stressed,453,404,0.8092,1
c_03948,overextended,633,485,0.6635,1
c_02950,stable_salaried,668,709,0.2558,0
c_02249,gig_worker,646,612,0.4324,0
c_02627,gig_worker,637,515,0.6078,0
c_03790,stable_salaried,735,638,0.3845,0
c_01527,high_earner_high_spender,706,677,0.3134,0
c_02770,stable_salaried,753,747,0.1872,0
c_02613,thin_file_newcomer,571,633,0.3931,0
c_02428,financially_stressed,404,410,0.7996,1
c_02804,stable_salaried,756,765,0.1533,0
c_00403,stable_salaried,713,675,0.3172,1
c_02936,gig_worker,623,516,0.6063,0
c_00256,thin_file_newcomer,500,655,0.3531,0
c_01643,stable_salaried,774,743,0.1938,0
c_02397,stable_salaried,703,765,0.1544,0
c_04555,financially_stressed,557,412,0.7946,0
c_03837,stable_salaried,679,646,0.3694,0
c_01823,financially_stressed,574,409,0.8016,1
c_03157,stable_salaried,740,686,0.2977,0
c_01002,stable_salaried,702,543,0.558,0
c_04080,gig_worker,661,586,0.4797,0
c_02357,high_earner_high_spender,711,728,0.2203,1
c_03613,overextended,605,497,0.6402,0
c_01457,gig_worker,593,543,0.5572,1
c_00055,thin_file_newcomer,551,636,0.3883,0
c_00908,stable_salaried,734,720,0.2358,0
c_04997,high_earner_high_spender,705,730,0.2171,0
c_03680,financially_stressed,562,486,0.66,1
c_01559,thin_file_newcomer,556,644,0.3733,0
c_03491,stable_salaried,744,702,0.2686,0
c_01397,overextended,647,435,0.7534,1
c_02881,stable_salaried,748,674,0.3189,0
c_02654,high_earner_high_spender,794,726,0.2245,0
c_01100,stable_salaried,767,677,0.3142,0
c_02410,financially_stressed,537,419,0.7821,1
c_04302,overextended,668,459,0.71,0
c_00564,financially_stressed,521,426,0.7707,1
c_04306,high_earner_high_spender,740,736,0.2067,0
c_03598,overextended,605,485,0.6631,0
c_00658,high_earner_high_spender,799,690,0.29,0
c_00845,overextended,681,475,0.6813,0
c_00447,financially_stressed,512,411,0.7975,1
c_00247,gig_worker,632,600,0.4537,0
c_00611,financially_stressed,537,421,0.7798,0
c_04524,financially_stressed,525,412,0.7948,1
c_04853,stable_salaried,724,631,0.3979,0
c_00469,high_earner_high_spender,699,528,0.5852,1
c_01385,stable_salaried,665,749,0.1836,0
c_02405,stable_salaried,757,717,0.241,0
c_04749,stable_salaried,715,761,0.1612,0
c_04880,stable_salaried,746,760,0.1626,0
c_04837,stable_salaried,764,755,0.1721,0
c_02268,financially_stressed,566,404,0.8092,0
c_02303,high_earner_high_spender,781,723,0.2304,0
c_01420,financially_stressed,546,404,0.8094,1
c_03323,thin_file_newcomer,517,693,0.284,0
c_01293,gig_worker,649,651,0.3614,0
c_00265,stable_salaried,754,714,0.2468,0
c_04947,thin_file_newcomer,586,664,0.3374,0
c_02976,financially_stressed,535,412,0.7959,1
c_00053,financially_stressed,487,419,0.7819,1
c_04525,high_earner_high_spender,762,717,0.2406,0
c_02387,stable_salaried,760,682,0.3042,0
c_03421,gig_worker,527,608,0.4387,0
c_00196,high_earner_high_spender,807,711,0.2523,0
c_04648,gig_worker,629,669,0.3273,0
c_01828,overextended,665,461,0.7067,1
c_02250,high_earner_high_spender,772,741,0.1976,0
c_04372,high_earner_high_spender,765,729,0.2186,1
c_04244,financially_stressed,538,408,0.8028,1
c_00715,stable_salaried,702,694,0.2818,0
c_04037,thin_file_newcomer,514,677,0.3135,0
c_01764,stable_salaried,791,736,0.2064,0
c_00198,stable_salaried,753,716,0.2427,0
c_01260,stable_salaried,685,746,0.1883,0
c_01701,overextended,695,463,0.7022,1
c_00858,gig_worker,604,628,0.402,0
c_03168,stable_salaried,797,733,0.2123,0
c_01188,stable_salaried,735,613,0.4302,0
c_02140,overextended,680,545,0.5538,1
c_03969,stable_salaried,710,736,0.2069,0
c_03918,financially_stressed,505,406,0.8055,0
c_03749,stable_salaried,753,751,0.1782,0
c_02715,stable_salaried,729,763,0.1574,0
c_03718,overextended,693,503,0.6299,0
c_00222,financially_stressed,597,398,0.8207,1
c_04132,gig_worker,654,487,0.6598,0
c_01890,stable_salaried,681,728,0.2205,0
c_00104,thin_file_newcomer,579,629,0.4016,0
c_01980,thin_file_newcomer,520,527,0.5862,0
c_00204,stable_salaried,749,753,0.1763,0
c_01535,high_earner_high_spender,708,740,0.1994,0
c_03128,financially_stressed,485,415,0.7905,1
c_02903,overextended,679,470,0.6893,1
c_02442,stable_salaried,735,683,0.303,0
c_01266,stable_salaried,687,698,0.2753,0
c_01518,stable_salaried,687,752,0.1765,0
c_02777,high_earner_high_spender,772,730,0.2173,0
c_04993,gig_worker,669,520,0.5997,1
c_04001,gig_worker,649,634,0.391,0
c_01358,financially_stressed,535,409,0.8009,1
c_02195,thin_file_newcomer,515,694,0.2826,0
c_02157,stable_salaried,776,732,0.2129,1
c_04530,thin_file_newcomer,517,679,0.3095,1
c_03388,gig_worker,599,613,0.4296,1
c_01839,financially_stressed,532,408,0.8036,1
c_02368,gig_worker,665,711,0.2527,0
c_02899,gig_worker,650,532,0.5773,0
c_04541,stable_salaried,756,705,0.2629,0
c_01308,stable_salaried,715,614,0.4276,0
c_04868,gig_worker,612,542,0.5594,0
c_04615,stable_salaried,791,682,0.3044,0
c_00005,overextended,611,483,0.6656,0
c_03258,high_earner_high_spender,765,745,0.1893,0
c_01666,thin_file_newcomer,506,687,0.2962,0
c_01547,thin_file_newcomer,472,688,0.2932,0
c_00046,gig_worker,645,603,0.4473,0
c_03721,high_earner_high_spender,761,750,0.1808,0
c_03028,financially_stressed,507,408,0.8024,1
c_02282,gig_worker,596,587,0.4779,0
c_03578,financially_stressed,613,417,0.7866,1
c_03326,gig_worker,515,674,0.3186,0
c_02275,stable_salaried,750,650,0.3633,0
c_00829,stable_salaried,685,718,0.2398,0
c_02350,stable_salaried,772,674,0.3185,0
c_03390,stable_salaried,691,725,0.2257,0
c_02527,overextended,560,472,0.6863,0
c_01131,high_earner_high_spender,775,725,0.2261,0
c_01685,stable_salaried,724,730,0.217,0
c_03333,stable_salaried,660,736,0.2069,0
c_02984,stable_salaried,750,755,0.1721,0
c_04289,financially_stressed,476,401,0.8149,0
c_03607,stable_salaried,723,725,0.2266,0
c_01390,overextended,633,450,0.7271,1
c_00177,overextended,624,531,0.5788,0
c_03708,gig_worker,615,558,0.5306,0
c_03943,financially_stressed,512,468,0.6933,1
c_03161,overextended,595,577,0.4959,1
c_04199,stable_salaried,753,742,0.1963,0
c_03624,financially_stressed,538,417,0.7865,0
c_03752,high_earner_high_spender,793,751,0.1789,0
c_03641,stable_salaried,682,754,0.1738,0
c_04659,stable_salaried,732,725,0.2267,0
c_00170,stable_salaried,731,700,0.2726,0
c_02750,stable_salaried,748,633,0.3936,0
c_02663,stable_salaried,766,713,0.2479,0
c_04153,high_earner_high_spender,758,735,0.2085,0
c_00690,stable_salaried,741,749,0.183,0
c_03766,high_earner_high_spender,767,739,0.2013,0
c_01276,stable_salaried,697,640,0.3815,0
c_03534,financially_stressed,602,407,0.8051,1
c_00045,thin_file_newcomer,524,610,0.435,0
c_01972,financially_stressed,467,414,0.7927,1
c_02257,thin_file_newcomer,528,566,0.5146,0
c_02419,overextended,639,517,0.6054,1
c_03804,stable_salaried,690,760,0.1632,0
c_03827,gig_worker,640,575,0.4984,1
c_02855,overextended,558,466,0.6978,0
c_01426,stable_salaried,742,721,0.2335,0
c_04831,stable_salaried,688,658,0.3486,0
c_03760,overextended,634,447,0.7319,0
c_03097,gig_worker,652,519,0.6001,0
c_02567,stable_salaried,710,750,0.1811,0
c_00704,stable_salaried,779,664,0.3374,1
c_02848,thin_file_newcomer,554,729,0.2197,0
c_04979,overextended,636,532,0.5778,1
c_00579,gig_worker,630,679,0.3097,0
c_04761,high_earner_high_spender,760,731,0.2162,0
c_04437,stable_salaried,708,593,0.4672,0
c_01803,financially_stressed,562,406,0.8072,1
c_02583,stable_salaried,779,628,0.4035,1
c_04538,stable_salaried,704,731,0.2149,0
c_04548,financially_stressed,554,421,0.7784,1
c_03519,thin_file_newcomer,562,669,0.3287,1
c_00492,financially_stressed,577,418,0.7849,1
c_02110,high_earner_high_spender,728,663,0.3398,0
c_01743,overextended,625,484,0.664,1
c_00866,thin_file_newcomer,527,679,0.3108,0
c_04490,high_earner_high_spender,731,743,0.1931,1
c_04644,stable_salaried,753,765,0.1535,0
c_01344,overextended,684,464,0.7017,1
c_00770,stable_salaried,704,685,0.2992,0
c_04577,stable_salaried,779,718,0.2388,0
c_04400,thin_file_newcomer,499,640,0.3806,0
c_04194,stable_salaried,724,597,0.4598,0
c_02019,gig_worker,648,686,0.2967,0
c_00230,stable_salaried,727,731,0.2156,1
c_03146,financially_stressed,454,417,0.7856,1
c_04933,stable_salaried,681,753,0.1758,0
c_00116,thin_file_newcomer,527,698,0.2758,0
c_04608,stable_salaried,695,722,0.232,0
c_00890,gig_worker,681,483,0.6655,0
c_04140,gig_worker,578,529,0.5828,0
c_02143,thin_file_newcomer,566,690,0.2899,0
c_01494,gig_worker,628,543,0.5579,0
c_02915,stable_salaried,685,683,0.3032,0
c_03931,high_earner_high_spender,702,728,0.2212,0
c_03655,stable_salaried,661,751,0.1799,0
c_01084,overextended,615,606,0.4425,0
c_00515,stable_salaried,725,568,0.5118,0
c_00231,gig_worker,566,494,0.6472,1
c_00615,financially_stressed,576,414,0.7914,0
c_04620,stable_salaried,763,649,0.3649,1
c_04336,stable_salaried,707,599,0.4559,0
c_04006,high_earner_high_spender,722,731,0.2151,0
c_01673,stable_salaried,776,741,0.1975,0
c_03507,thin_file_newcomer,590,732,0.2135,0
c_03981,gig_worker,657,464,0.701,0
c_01991,financially_stressed,544,398,0.8201,0
c_00173,overextended,667,667,0.3322,0
c_01806,stable_salaried,696,767,0.1502,0
c_03278,gig_worker,575,487,0.6582,0
c_00650,gig_worker,597,648,0.3664,1
c_01222,overextended,620,450,0.7267,0
c_00655,gig_worker,585,565,0.5165,1
c_04082,financially_stressed,526,412,0.7953,0
c_04753,high_earner_high_spender,752,705,0.263,1
c_04169,high_earner_high_spender,766,703,0.2661,0
c_01185,thin_file_newcomer,505,675,0.3176,0
c_00014,gig_worker,666,442,0.7412,0
c_00979,stable_salaried,712,636,0.3878,0
c_03863,gig_worker,666,621,0.416,1
c_02869,stable_salaried,735,681,0.3061,0
c_02658,stable_salaried,728,753,0.1752,0
c_03512,overextended,657,431,0.7607,1
c_02823,overextended,624,456,0.7149,1
c_01616,stable_salaried,752,700,0.2725,0
c_04114,thin_file_newcomer,590,597,0.4594,0
c_02753,stable_salaried,706,664,0.3373,0
c_02441,stable_salaried,686,720,0.2354,0
c_04986,financially_stressed,593,407,0.8039,1
c_04483,stable_salaried,667,628,0.4033,0
c_02399,high_earner_high_spender,719,721,0.2337,0
c_04553,financially_stressed,567,455,0.717,1
c_04290,stable_salaried,690,689,0.2925,0
c_04388,financially_stressed,517,422,0.7781,0
c_00119,financially_stressed,618,445,0.7354,0
c_01529,stable_salaried,747,752,0.1771,0
c_02643,thin_file_newcomer,531,651,0.3612,0
c_02381,stable_salaried,744,747,0.1871,0
c_02020,financially_stressed,414,399,0.8187,1
c_04928,financially_stressed,570,421,0.78,1
c_03747,overextended,628,463,0.7026,0
c_00927,thin_file_newcomer,513,655,0.3529,0
c_04340,stable_salaried,716,755,0.1711,0
c_02181,overextended,607,504,0.6282,1
c_00519,thin_file_newcomer,493,645,0.3715,0
c_03301,gig_worker,655,512,0.6131,1
c_04850,stable_salaried,705,732,0.2135,0
c_03930,high_earner_high_spender,758,691,0.2883,0
c_02064,gig_worker,645,516,0.6065,1
c_03408,high_earner_high_spender,722,750,0.1808,0
c_04887,financially_stressed,532,420,0.7817,1
c_04797,high_earner_high_spender,799,712,0.2503,0
c_00130,stable_salaried,731,737,0.2048,1
c_03885,stable_salaried,717,710,0.2544,0
c_03668,gig_worker,605,667,0.3324,0
c_01103,thin_file_newcomer,476,662,0.3414,0
c_01612,thin_file_newcomer,615,701,0.2703,0
c_04894,financially_stressed,609,436,0.7512,0
c_02966,gig_worker,601,481,0.6709,1
c_00224,stable_salaried,736,721,0.2341,1
c_04301,financially_stressed,554,410,0.7997,0
c_00584,overextended,714,483,0.6662,1
c_04968,stable_salaried,720,720,0.2364,0
c_04329,overextended,636,479,0.6734,0
c_00947,thin_file_newcomer,582,759,0.164,0
c_02896,overextended,577,490,0.6543,1
c_00260,stable_salaried,724,701,0.2702,0
c_03770,overextended,567,486,0.661,1
c_02851,gig_worker,631,650,0.3627,0
c_03894,overextended,629,538,0.5668,1
c_02539,high_earner_high_spender,769,717,0.2413,0
c_01217,high_earner_high_spender,759,740,0.1991,0
c_01962,high_earner_high_spender,768,730,0.2181,0
c_04575,stable_salaried,784,737,0.2055,0
c_01417,high_earner_high_spender,734,704,0.2637,0
c_01393,stable_salaried,688,657,0.3493,0
c_00871,stable_salaried,743,705,0.2627,0
c_03596,thin_file_newcomer,597,713,0.2477,1
c_03889,stable_salaried,777,577,0.4955,0
c_04546,overextended,673,460,0.7088,1
c_03736,stable_salaried,724,763,0.1576,0
c_01365,high_earner_high_spender,771,731,0.215,0
c_02820,stable_salaried,760,713,0.2488,0
c_03777,stable_salaried,727,728,0.2212,0
c_01889,gig_worker,617,519,0.6012,1
c_02431,financially_stressed,550,435,0.7543,1
c_02963,high_earner_high_spender,754,725,0.2257,0
c_00943,gig_worker,584,512,0.6139,1
c_03937,financially_stressed,554,415,0.7897,0
c_02122,stable_salaried,769,710,0.2541,0
c_01914,stable_salaried,720,602,0.4491,0
c_04722,stable_salaried,684,710,0.254,0
c_01882,gig_worker,640,672,0.3222,0
c_04423,stable_salaried,753,671,0.3248,1
c_01738,high_earner_high_spender,744,719,0.2374,0
c_00160,stable_salaried,673,731,0.2161,0
c_01664,overextended,676,518,0.6019,1
c_00470,gig_worker,607,548,0.5474,0
c_01307,financially_stressed,532,409,0.8006,1
c_04784,overextended,659,435,0.7538,0
c_01326,gig_worker,614,589,0.4737,1
c_03406,high_earner_high_spender,767,682,0.3052,0
c_01818,high_earner_high_spender,794,746,0.1887,0
c_00928,high_earner_high_spender,769,749,0.1834,0
c_04674,financially_stressed,532,418,0.7838,1
c_00669,gig_worker,616,635,0.3902,1
c_00497,financially_stressed,569,428,0.7663,0
c_02678,financially_stressed,581,408,0.803,1
c_02086,gig_worker,632,492,0.6491,1
c_02578,stable_salaried,772,747,0.187,0
c_02521,high_earner_high_spender,787,595,0.4624,0
c_04734,overextended,688,443,0.7397,0
c_01869,thin_file_newcomer,558,695,0.2809,0
c_00911,overextended,614,453,0.7211,0
c_00860,financially_stressed,578,410,0.8,0
c_02472,financially_stressed,513,402,0.8133,0
c_03078,financially_stressed,548,405,0.8088,0
c_03658,overextended,631,461,0.7059,0
c_00760,financially_stressed,555,438,0.7477,0
c_04320,thin_file_newcomer,568,668,0.3308,0
c_03669,high_earner_high_spender,737,717,0.2401,0
c_00526,overextended,619,460,0.7084,0
c_04256,stable_salaried,737,731,0.2158,0
c_04474,high_earner_high_spender,784,731,0.2146,0
c_01362,financially_stressed,574,425,0.7715,0
c_02614,stable_salaried,728,637,0.3858,0
c_03378,high_earner_high_spender,713,740,0.1991,0
c_04895,high_earner_high_spender,705,716,0.2421,0
c_03478,overextended,636,603,0.4481,0
c_00616,financially_stressed,597,462,0.7041,0
c_04488,stable_salaried,777,740,0.1982,0
c_03416,financially_stressed,603,443,0.7385,1
c_01449,stable_salaried,709,666,0.3333,1
c_04839,stable_salaried,717,753,0.1748,0
c_04582,thin_file_newcomer,576,684,0.3005,0
c_01675,overextended,615,484,0.6646,1
c_03472,high_earner_high_spender,691,693,0.2841,0
c_04271,high_earner_high_spender,729,732,0.2137,0
c_04811,financially_stressed,559,426,0.7708,0
c_03735,overextended,658,475,0.6804,1
c_03795,financially_stressed,543,414,0.7913,1
c_04832,financially_stressed,540,413,0.7934,0
c_01262,gig_worker,598,500,0.6349,0
c_03259,stable_salaried,740,650,0.3628,0
c_04862,stable_salaried,714,729,0.2196,0
c_04198,stable_salaried,738,642,0.3777,1
c_01915,stable_salaried,704,658,0.3487,0
c_02190,stable_salaried,738,732,0.2141,0
c_01924,stable_salaried,775,767,0.1491,0
c_00288,high_earner_high_spender,757,728,0.2206,0
c_03957,overextended,652,448,0.7304,0
c_03571,stable_salaried,756,756,0.17,0
c_04863,thin_file_newcomer,480,759,0.1641,1
c_02524,overextended,617,457,0.7142,0
c_02840,thin_file_newcomer,561,719,0.2373,0
c_02537,gig_worker,577,490,0.6543,0
c_00341,overextended,634,477,0.6765,0
c_04090,stable_salaried,688,759,0.1645,0
c_02645,overextended,558,494,0.6473,0
c_02564,financially_stressed,510,420,0.7806,1
c_01538,thin_file_newcomer,471,666,0.3336,0
c_00511,thin_file_newcomer,592,759,0.1654,0
c_04255,stable_salaried,737,651,0.3601,0
c_03893,high_earner_high_spender,809,730,0.2174,0
c_00263,stable_salaried,746,778,0.1302,0
c_00410,financially_stressed,537,428,0.766,0
c_00716,high_earner_high_spender,731,737,0.2043,0
c_01019,gig_worker,641,563,0.5212,0
c_04650,thin_file_newcomer,513,638,0.385,0
c_00310,high_earner_high_spender,796,728,0.2202,0
c_03737,financially_stressed,550,416,0.7881,0
c_04333,high_earner_high_spender,775,728,0.2208,0
c_04884,thin_file_newcomer,592,636,0.3882,0
c_04958,gig_worker,591,654,0.3552,0
c_01748,high_earner_high_spender,744,730,0.2173,0
c_03423,gig_worker,653,642,0.3767,0
c_03041,overextended,651,446,0.7341,0
c_03108,stable_salaried,741,753,0.176,0
c_01141,thin_file_newcomer,576,513,0.6122,1
c_04171,financially_stressed,538,418,0.7854,1
c_04834,gig_worker,621,618,0.4208,0
c_02765,overextended,648,465,0.6984,1
c_01106,stable_salaried,702,653,0.3579,0
c_03821,financially_stressed,543,412,0.7956,1
c_04502,financially_stressed,497,421,0.78,1
c_02380,thin_file_newcomer,597,723,0.2293,0
c_00108,stable_salaried,707,642,0.3772,0
c_04125,stable_salaried,752,646,0.3708,0
c_02954,high_earner_high_spender,735,729,0.2183,0
c_03822,high_earner_high_spender,709,751,0.1792,0
c_03910,high_earner_high_spender,742,731,0.2158,0
c_02577,thin_file_newcomer,530,686,0.297,0
c_01111,gig_worker,625,521,0.5969,0
c_03192,high_earner_high_spender,773,728,0.2203,0
c_02435,overextended,665,452,0.7226,0
c_02641,thin_file_newcomer,625,708,0.2572,0
c_02925,high_earner_high_spender,695,699,0.2737,0
c_02683,high_earner_high_spender,719,737,0.2042,0
c_02873,stable_salaried,735,770,0.1444,0
c_03659,stable_salaried,731,737,0.205,0
c_01006,overextended,582,476,0.6791,0
c_02490,overextended,645,458,0.7125,0
c_00232,overextended,611,450,0.7258,1
c_02201,overextended,640,501,0.6343,1
c_04886,stable_salaried,682,717,0.2413,0
c_04027,financially_stressed,514,410,0.7991,0
c_01767,stable_salaried,709,736,0.2069,0
c_02445,high_earner_high_spender,777,723,0.2298,0
c_03955,high_earner_high_spender,777,702,0.2689,0
c_04878,gig_worker,586,552,0.5411,0
c_00989,thin_file_newcomer,523,672,0.3224,0
c_01062,stable_salaried,764,718,0.2396,0
c_04021,stable_salaried,703,744,0.1917,0
c_03120,stable_salaried,716,747,0.1856,0
c_03973,stable_salaried,774,738,0.203,0
c_03722,thin_file_newcomer,601,721,0.234,0
c_04145,stable_salaried,719,669,0.3276,0
c_04673,stable_salaried,689,735,0.2074,0
c_04762,overextended,591,535,0.5719,0
c_02713,stable_salaried,687,713,0.2485,0
c_01012,high_earner_high_spender,769,722,0.2318,0
c_03856,thin_file_newcomer,577,700,0.272,0
c_03357,high_earner_high_spender,727,730,0.2172,1
c_00714,thin_file_newcomer,573,728,0.2203,0
c_04849,thin_file_newcomer,526,688,0.2945,1
c_03525,gig_worker,608,569,0.5103,1
c_03008,stable_salaried,759,717,0.2405,1
c_01744,financially_stressed,436,420,0.7815,1
c_04730,gig_worker,590,540,0.5623,1
c_03964,gig_worker,597,572,0.5043,0
c_02875,stable_salaried,759,726,0.2251,0
c_02044,overextended,573,437,0.7507,1
c_04742,thin_file_newcomer,473,672,0.3219,0
c_04544,gig_worker,618,585,0.4814,1
c_04537,thin_file_newcomer,513,681,0.3071,1
c_00049,stable_salaried,702,740,0.1993,0
c_01071,financially_stressed,534,411,0.7976,0
c_00951,stable_salaried,774,769,0.147,0
c_02021,stable_salaried,733,760,0.163,0
c_01946,stable_salaried,716,746,0.1882,0
c_02183,stable_salaried,751,709,0.2551,0
c_02747,stable_salaried,731,631,0.3974,0
c_02041,thin_file_newcomer,511,704,0.2653,0
c_03009,thin_file_newcomer,601,689,0.2921,0
c_00368,gig_worker,640,632,0.3961,0
c_00663,stable_salaried,767,684,0.3016,0
c_04786,gig_worker,642,660,0.344,0
c_03240,overextended,602,519,0.6002,1
c_04910,stable_salaried,753,762,0.1594,0
c_01537,financially_stressed,614,429,0.7642,1
c_02743,thin_file_newcomer,518,686,0.298,0
c_02806,gig_worker,614,726,0.2243,1
c_04780,gig_worker,694,503,0.6296,1
c_04060,overextended,631,444,0.7373,1
c_01289,high_earner_high_spender,763,735,0.2074,0
c_02193,stable_salaried,742,759,0.1645,0
c_04665,gig_worker,605,598,0.4572,1
c_02258,stable_salaried,712,701,0.2706,0
c_04268,thin_file_newcomer,540,701,0.2703,1
c_01314,stable_salaried,768,666,0.3337,0
c_02718,stable_salaried,695,734,0.2109,0
c_03334,gig_worker,660,516,0.606,0
c_04494,stable_salaried,735,652,0.3586,0
c_01536,thin_file_newcomer,559,690,0.2897,0
c_03290,gig_worker,685,501,0.6335,1
c_00910,thin_file_newcomer,515,636,0.3883,0
c_01891,thin_file_newcomer,446,719,0.2375,0
c_04975,gig_worker,650,577,0.4955,1
c_03869,high_earner_high_spender,774,730,0.2181,0
c_03134,financially_stressed,580,412,0.796,0
c_02295,stable_salaried,718,708,0.2576,0
c_02024,high_earner_high_spender,744,762,0.1585,0
c_02918,stable_salaried,732,726,0.2244,0
c_00561,stable_salaried,717,698,0.2756,0
c_04635,stable_salaried,690,695,0.2802,0
c_00236,high_earner_high_spender,743,739,0.2013,0
c_04599,gig_worker,598,522,0.5953,0
c_03490,high_earner_high_spender,753,743,0.1936,0
c_02758,financially_stressed,608,415,0.7906,1
c_01164,stable_salaried,774,749,0.1825,0
c_00929,financially_stressed,581,405,0.8074,1
c_01665,thin_file_newcomer,582,683,0.3025,0
c_01727,thin_file_newcomer,539,693,0.2848,0
c_03354,high_earner_high_spender,767,720,0.2353,0
c_02861,high_earner_high_spender,712,726,0.2243,0
c_03776,financially_stressed,471,415,0.7893,1
c_00485,gig_worker,579,523,0.5937,0
c_00277,high_earner_high_spender,725,733,0.2117,0
c_01724,high_earner_high_spender,783,740,0.1991,0
c_00062,high_earner_high_spender,738,738,0.2035,1
c_02660,thin_file_newcomer,573,687,0.2956,0
c_01069,gig_worker,621,502,0.6316,1
c_02975,thin_file_newcomer,572,640,0.3807,0
c_00995,gig_worker,632,549,0.5461,0
c_00465,financially_stressed,583,420,0.7813,1
c_04307,gig_worker,577,584,0.4834,0
c_03653,stable_salaried,679,741,0.1982,0
c_03261,financially_stressed,547,408,0.8025,1
c_04981,stable_salaried,698,608,0.4399,0
c_04293,high_earner_high_spender,796,741,0.197,0
c_01654,overextended,652,467,0.6955,0
c_04597,stable_salaried,733,729,0.2193,0
c_03799,stable_salaried,676,742,0.1953,0
c_01720,stable_salaried,702,728,0.2207,0
c_04161,stable_salaried,729,742,0.1962,0
c_00899,high_earner_high_spender,756,718,0.2399,1
c_04500,stable_salaried,763,654,0.3563,0
c_04349,thin_file_newcomer,614,562,0.5221,0
c_01035,financially_stressed,405,423,0.7752,0
c_02599,overextended,634,463,0.7036,0
c_00136,overextended,691,502,0.6314,0
c_03069,gig_worker,659,466,0.6966,0
c_03279,stable_salaried,729,596,0.4606,0
c_01510,stable_salaried,737,724,0.2291,0
c_01491,thin_file_newcomer,525,703,0.2664,0
c_04643,stable_salaried,671,756,0.1704,1
c_00126,gig_worker,620,527,0.5867,0
c_00506,gig_worker,636,520,0.5996,1
c_02188,stable_salaried,784,755,0.1714,0
c_01540,thin_file_newcomer,611,717,0.241,0
c_01611,thin_file_newcomer,536,770,0.145,0
c_04181,stable_salaried,749,707,0.2596,0
c_04758,stable_salaried,758,721,0.2327,0
c_00011,overextended,644,441,0.7435,0
c_03438,stable_salaried,741,673,0.3207,1
c_00189,stable_salaried,768,597,0.4591,0
c_04778,stable_salaried,695,700,0.2725,0
c_01615,stable_salaried,701,739,0.2007,0
c_01127,financially_stressed,479,403,0.8121,1
c_01532,high_earner_high_spender,707,714,0.2464,0
c_01009,high_earner_high_spender,815,730,0.2166,1
c_04247,stable_salaried,732,705,0.2634,0
c_02206,financially_stressed,531,418,0.7854,0
c_01554,stable_salaried,710,684,0.3002,0
c_03809,thin_file_newcomer,552,656,0.3522,0
c_03972,high_earner_high_spender,714,754,0.1734,0
c_04876,stable_salaried,672,713,0.2479,0
c_01913,high_earner_high_spender,759,547,0.5493,0
c_01973,gig_worker,638,624,0.4103,0
c_04618,gig_worker,657,527,0.5859,0
c_00446,overextended,639,449,0.7287,1
c_00723,overextended,668,498,0.6398,0
c_00087,high_earner_high_spender,775,720,0.2354,0
c_03923,overextended,605,465,0.6998,0
c_02045,stable_salaried,748,734,0.2108,0
c_04727,stable_salaried,704,745,0.1898,0
c_01448,financially_stressed,583,428,0.7669,1
c_01994,high_earner_high_spender,748,741,0.1968,0
c_02938,stable_salaried,731,716,0.2428,0
c_00583,gig_worker,624,536,0.5702,0
c_01700,overextended,662,444,0.7364,1
c_04589,overextended,660,477,0.678,1
c_00740,stable_salaried,675,757,0.1684,0
c_04662,high_earner_high_spender,749,717,0.2405,0
c_01475,high_earner_high_spender,707,717,0.2409,1
c_00897,stable_salaried,665,722,0.2324,0
c_03832,gig_worker,609,649,0.3638,0
c_02640,financially_stressed,476,396,0.8254,0
c_00766,stable_salaried,682,742,0.1964,0
c_04046,stable_salaried,730,735,0.2087,0
c_02270,financially_stressed,480,411,0.7966,0
c_01940,stable_salaried,717,725,0.2256,1
c_03319,gig_worker,629,527,0.5872,0
c_01797,stable_salaried,722,631,0.3967,1
c_01649,thin_file_newcomer,536,740,0.1983,1
c_02408,gig_worker,676,523,0.5943,0
c_02525,stable_salaried,772,676,0.315,0
c_02491,gig_worker,620,587,0.4778,1
c_03060,high_earner_high_spender,731,702,0.2687,0
c_03420,thin_file_newcomer,517,702,0.2688,0
c_02796,financially_stressed,535,430,0.7619,1
c_00464,high_earner_high_spender,694,694,0.283,0
c_03424,stable_salaried,744,687,0.2951,0
c_01571,high_earner_high_spender,777,723,0.2296,0
c_02053,thin_file_newcomer,560,683,0.3032,0
c_01949,overextended,706,466,0.6979,1
c_04701,gig_worker,627,624,0.4091,0
c_04451,overextended,666,448,0.7297,0
c_03640,stable_salaried,704,734,0.2102,0
c_03987,high_earner_high_spender,717,726,0.2254,0
c_03116,stable_salaried,703,742,0.1951,0
c_01109,stable_salaried,741,758,0.1662,0
c_00680,stable_salaried,740,738,0.2035,0
c_04069,stable_salaried,656,753,0.1763,0
c_03664,stable_salaried,747,738,0.2033,1
c_03436,gig_worker,624,596,0.4604,0
c_04558,stable_salaried,690,770,0.1438,1
c_01552,gig_worker,671,515,0.6088,0
c_01590,stable_salaried,709,762,0.1585,0
c_00682,stable_salaried,696,751,0.1793,0
c_00302,high_earner_high_spender,735,736,0.2064,0
c_02515,thin_file_newcomer,475,663,0.3386,0
c_00792,gig_worker,666,609,0.4366,0
c_02244,gig_worker,650,531,0.5795,0
c_01263,overextended,669,469,0.6916,0
c_01454,gig_worker,572,538,0.5671,1
c_04005,stable_salaried,797,737,0.204,0
c_02330,high_earner_high_spender,749,728,0.2217,1
c_00677,high_earner_high_spender,765,719,0.2378,0
c_02377,financially_stressed,546,433,0.7567,1
c_03464,thin_file_newcomer,529,633,0.3931,1
c_04846,stable_salaried,753,765,0.1533,0
c_02451,financially_stressed,517,398,0.8207,1
c_03711,thin_file_newcomer,593,614,0.4273,0
c_04998,gig_worker,665,640,0.3816,0
c_04164,financially_stressed,545,405,0.8075,1
c_01909,overextended,615,577,0.4949,0
c_04206,stable_salaried,755,721,0.2333,0
c_00932,gig_worker,643,609,0.4379,0
c_00542,thin_file_newcomer,527,647,0.3687,0
c_04391,thin_file_newcomer,599,699,0.2744,1
c_03706,gig_worker,648,603,0.4482,0
c_03042,thin_file_newcomer,644,665,0.3347,0
c_00620,thin_file_newcomer,538,681,0.3058,0
c_02597,gig_worker,672,676,0.3159,0
c_04322,financially_stressed,493,418,0.7845,0
c_03787,stable_salaried,735,718,0.2391,0
c_03023,high_earner_high_spender,737,681,0.3067,0
c_01085,financially_stressed,464,412,0.7956,1
c_01852,high_earner_high_spender,764,595,0.4633,0
c_01011,high_earner_high_spender,759,707,0.2596,0
c_01656,stable_salaried,766,487,0.6586,0
c_02466,thin_file_newcomer,542,681,0.3069,0
c_03250,overextended,677,462,0.7045,1
c_02481,stable_salaried,729,694,0.2825,0
c_01517,overextended,580,552,0.5409,0
c_04598,gig_worker,615,656,0.3516,0
c_03900,stable_salaried,690,723,0.2293,0
c_02591,overextended,635,447,0.7325,1
c_00595,stable_salaried,699,708,0.2579,0
c_04275,stable_salaried,705,728,0.2212,0
c_02055,high_earner_high_spender,765,753,0.1757,0
c_04079,high_earner_high_spender,687,695,0.2817,0
c_03273,financially_stressed,591,407,0.8043,1
c_00536,high_earner_high_spender,786,725,0.2269,0
c_03617,stable_salaried,706,747,0.1859,0
c_01053,stable_salaried,692,691,0.2887,0
c_02101,stable_salaried,689,770,0.1441,0
c_02234,financially_stressed,532,430,0.7635,1
c_03833,high_earner_high_spender,718,717,0.2417,0
c_01268,high_earner_high_spender,737,709,0.2554,0
c_02117,stable_salaried,759,638,0.384,0
c_00152,stable_salaried,768,749,0.1826,0
c_00023,overextended,642,445,0.7363,1
c_02705,high_earner_high_spender,734,710,0.2537,1
c_02655,overextended,552,600,0.4533,1
c_01059,financially_stressed,467,419,0.7831,0
c_04067,financially_stressed,628,421,0.7792,1
c_00541,high_earner_high_spender,786,749,0.183,0
c_01350,thin_file_newcomer,585,687,0.2952,1
c_01821,high_earner_high_spender,737,724,0.2289,0
c_04315,financially_stressed,601,402,0.8136,0
c_01282,gig_worker,594,677,0.3142,1
c_03757,stable_salaried,717,758,0.1665,0
c_03982,high_earner_high_spender,776,724,0.228,0
c_02981,stable_salaried,702,709,0.2549,0
c_01120,financially_stressed,551,449,0.7277,1
c_01811,gig_worker,574,629,0.4009,0
c_01730,overextended,656,474,0.6828,0
c_03256,stable_salaried,690,625,0.4088,0
c_01343,high_earner_high_spender,717,743,0.1937,1
c_02028,high_earner_high_spender,709,757,0.169,0
c_00431,thin_file_newcomer,539,635,0.3908,1
c_01370,stable_salaried,687,593,0.4672,0
c_02992,gig_worker,630,604,0.4464,1
c_00886,gig_worker,604,666,0.3345,0
c_02512,stable_salaried,679,712,0.2505,0
c_04771,gig_worker,637,598,0.4578,0
c_03686,gig_worker,566,465,0.699,0
c_04422,financially_stressed,569,410,0.7999,0
c_03713,thin_file_newcomer,539,739,0.2012,0
c_00900,high_earner_high_spender,743,701,0.2695,0
c_01981,gig_worker,687,627,0.404,0
c_01287,gig_worker,604,561,0.5238,0
c_02339,stable_salaried,736,744,0.1922,0
c_01974,stable_salaried,739,753,0.1746,0
c_04518,thin_file_newcomer,508,722,0.2309,0
c_04243,high_earner_high_spender,721,676,0.316,0
c_00166,thin_file_newcomer,496,674,0.32,0
c_03400,stable_salaried,759,673,0.3203,0
c_01170,gig_worker,591,535,0.5722,0
c_01861,overextended,664,465,0.6999,0
c_02247,financially_stressed,520,433,0.7573,0
c_01807,gig_worker,644,481,0.6702,1
c_01819,financially_stressed,591,408,0.8021,1
c_01139,financially_stressed,582,419,0.7832,1
c_04972,gig_worker,612,521,0.5977,0
c_03145,financially_stressed,604,418,0.7852,0
c_01704,high_earner_high_spender,730,703,0.267,0
c_00666,thin_file_newcomer,559,634,0.3923,0
c_01259,overextended,624,470,0.6899,0
c_03646,gig_worker,603,484,0.6636,0
c_03577,stable_salaried,762,721,0.2328,0
c_02361,stable_salaried,742,712,0.2507,0
c_01315,financially_stressed,573,415,0.7909,0
c_03924,stable_salaried,695,728,0.2206,0
c_03576,thin_file_newcomer,466,654,0.355,0
c_00517,financially_stressed,490,430,0.7636,0
c_04109,high_earner_high_spender,794,712,0.2503,0
c_01334,overextended,701,438,0.7485,1
c_00654,thin_file_newcomer,610,717,0.2411,0
c_04627,gig_worker,595,580,0.4899,0
c_02885,stable_salaried,714,638,0.3843,0
c_00675,gig_worker,614,591,0.4702,0
c_02063,stable_salaried,733,732,0.2139,0
c_04462,gig_worker,588,515,0.6087,1
c_02182,thin_file_newcomer,550,682,0.3048,1
c_01414,stable_salaried,722,695,0.2801,0
c_00706,thin_file_newcomer,541,608,0.4383,1
c_03511,financially_stressed,589,428,0.7668,1
c_02259,gig_worker,666,495,0.6451,0
c_02461,financially_stressed,529,426,0.7697,0
c_04879,gig_worker,599,577,0.4959,1
c_04822,financially_stressed,547,420,0.7804,1
c_00259,high_earner_high_spender,759,576,0.4981,0
